

CREATE DATABASE IF NOT EXISTS `2021-liblary-cursach-3-1-innodb` DEFAULT CHARACTER SET utf8 COLLATE utf8_general_ci;
USE `2021-liblary-cursach-3-1-innodb`;


INSERT INTO `authors` (`id`, `first_name`, `last_name`) VALUES
(1, 'authorFirstName', 'authorLastName'),
(2, 'author-0001FirstName', 'author-0001LastName'),
(3, 'author-0002FirstName', 'author-0002LastName'),
(4, 'author-0003FirstName', 'author-0003LastName'),
(5, 'author-0004FirstName', 'author-0004LastName'),
(6, 'author-0005FirstName', 'author-0005LastName'),
(7, 'author-0006FirstName', 'author-0006LastName'),
(8, 'author-0007FirstName', 'author-0007LastName'),
(9, 'author-0008FirstName', 'author-0008LastName'),
(10, 'author-0009FirstName', 'author-0009LastName'),
(11, 'author-0010FirstName', 'author-0010LastName');


INSERT INTO `authors_books` (`id`, `author_id`, `book_id`) VALUES
(1, 5, 1),
(2, 1, 1),
(3, 5, 1),
(4, 1, 1),
(5, 2, 2),
(6, 9, 2),
(7, 4, 2),
(8, 2, 3),
(9, 6, 3),
(10, 10, 3),
(11, 6, 4),
(12, 6, 4),
(13, 3, 4),
(14, 7, 4),
(15, 8, 4),
(16, 3, 5),
(17, 4, 5),
(18, 4, 6),
(19, 10, 6),
(20, 4, 6),
(21, 7, 6),
(22, 6, 7),
(23, 8, 8),
(24, 8, 8),
(25, 3, 9),
(26, 10, 9),
(27, 4, 9),
(28, 11, 9),
(29, 7, 10),
(30, 5, 10),
(31, 1, 10),
(32, 2, 11),
(33, 8, 11),
(34, 9, 12),
(35, 6, 12),
(36, 7, 12),
(37, 2, 12),
(38, 7, 13),
(39, 6, 13),
(40, 11, 13),
(41, 7, 14),
(42, 7, 14),
(43, 10, 14),
(44, 9, 14),
(45, 3, 14),
(46, 11, 15),
(47, 11, 15),
(48, 3, 15),
(49, 11, 16),
(50, 6, 17),
(51, 2, 17),
(52, 8, 18),
(53, 7, 18),
(54, 8, 18),
(55, 9, 19),
(56, 1, 19),
(57, 4, 19),
(58, 8, 19),
(59, 11, 19),
(60, 11, 20),
(61, 3, 20),
(62, 5, 20),
(63, 5, 20),
(64, 6, 20),
(65, 6, 21),
(66, 1, 21),
(67, 10, 21),
(68, 3, 22),
(69, 11, 22),
(70, 2, 22),
(71, 10, 23),
(72, 8, 24),
(73, 9, 24),
(74, 11, 24),
(75, 11, 24),
(76, 3, 24),
(77, 9, 25),
(78, 6, 25),
(79, 10, 25),
(80, 5, 25),
(81, 3, 26),
(82, 6, 26),
(83, 7, 26),
(84, 6, 26),
(85, 8, 26),
(86, 9, 27),
(87, 4, 27),
(88, 5, 28),
(89, 10, 28),
(90, 10, 28),
(91, 3, 28),
(92, 4, 29),
(93, 11, 30),
(94, 10, 30),
(95, 3, 30),
(96, 10, 31),
(97, 9, 31),
(98, 10, 31),
(99, 1, 32),
(100, 7, 32),
(101, 9, 32),
(102, 3, 33),
(103, 10, 33),
(104, 1, 34),
(105, 4, 34),
(106, 9, 34),
(107, 5, 35),
(108, 4, 35),
(109, 11, 36),
(110, 9, 36),
(111, 4, 36),
(112, 9, 36),
(113, 7, 36),
(114, 3, 37),
(115, 7, 37),
(116, 9, 38),
(117, 3, 39),
(118, 4, 39),
(119, 1, 39),
(120, 8, 39),
(121, 1, 40),
(122, 5, 40),
(123, 9, 40),
(124, 3, 40),
(125, 7, 41),
(126, 7, 41),
(127, 2, 42),
(128, 2, 42),
(129, 9, 43),
(130, 5, 43),
(131, 4, 44),
(132, 8, 45),
(133, 7, 46),
(134, 11, 46),
(135, 8, 46),
(136, 11, 46),
(137, 10, 46),
(138, 4, 47),
(139, 1, 47),
(140, 1, 47),
(141, 4, 47),
(142, 5, 48),
(143, 10, 48),
(144, 2, 48),
(145, 7, 49),
(146, 3, 49),
(147, 8, 49),
(148, 2, 49),
(149, 10, 49),
(150, 3, 50),
(151, 2, 50),
(152, 1, 50),
(153, 6, 51),
(154, 4, 51),
(155, 5, 51),
(156, 2, 51),
(157, 2, 51),
(158, 10, 52),
(159, 9, 52),
(160, 9, 52),
(161, 11, 52),
(162, 3, 53),
(163, 5, 54),
(164, 4, 55),
(165, 2, 55),
(166, 9, 56),
(167, 4, 56),
(168, 3, 57),
(169, 9, 58),
(170, 8, 58),
(171, 3, 58),
(172, 7, 58),
(173, 10, 59),
(174, 11, 59),
(175, 2, 59),
(176, 10, 59),
(177, 6, 59),
(178, 6, 60),
(179, 2, 60),
(180, 4, 61),
(181, 4, 61),
(182, 6, 61),
(183, 5, 61),
(184, 4, 61),
(185, 11, 62),
(186, 6, 62),
(187, 2, 62),
(188, 4, 63),
(189, 9, 63),
(190, 6, 63),
(191, 4, 64),
(192, 6, 64),
(193, 1, 64),
(194, 4, 64),
(195, 7, 65),
(196, 2, 65),
(197, 11, 66),
(198, 4, 66),
(199, 4, 66),
(200, 4, 67),
(201, 3, 67),
(202, 4, 67),
(203, 2, 67),
(204, 2, 67),
(205, 5, 68),
(206, 3, 68),
(207, 5, 68),
(208, 11, 68),
(209, 7, 69),
(210, 9, 69),
(211, 6, 69),
(212, 6, 69),
(213, 9, 69),
(214, 9, 70),
(215, 5, 70),
(216, 7, 70),
(217, 9, 70),
(218, 3, 71),
(219, 9, 71),
(220, 11, 71),
(221, 8, 72),
(222, 1, 72),
(223, 3, 72),
(224, 1, 72),
(225, 7, 73),
(226, 1, 73),
(227, 5, 73),
(228, 7, 73),
(229, 1, 74),
(230, 6, 75),
(231, 9, 75),
(232, 10, 75),
(233, 4, 75),
(234, 8, 76),
(235, 3, 77),
(236, 1, 77),
(237, 7, 78),
(238, 7, 78),
(239, 8, 78),
(240, 2, 78),
(241, 6, 78),
(242, 3, 79),
(243, 3, 79),
(244, 10, 79),
(245, 2, 80),
(246, 10, 80),
(247, 9, 80),
(248, 4, 80),
(249, 10, 81),
(250, 9, 81),
(251, 2, 81),
(252, 9, 82),
(253, 7, 82),
(254, 2, 82),
(255, 3, 82),
(256, 4, 83),
(257, 4, 83),
(258, 7, 83),
(259, 5, 83),
(260, 11, 83),
(261, 7, 84),
(262, 11, 85),
(263, 7, 86),
(264, 1, 86),
(265, 4, 87),
(266, 3, 87),
(267, 5, 87),
(268, 2, 87),
(269, 4, 87),
(270, 10, 88),
(271, 1, 88),
(272, 1, 88),
(273, 11, 88),
(274, 2, 89),
(275, 2, 89),
(276, 10, 89),
(277, 5, 89),
(278, 4, 89),
(279, 6, 90),
(280, 1, 91),
(281, 5, 91),
(282, 2, 91),
(283, 11, 92),
(284, 5, 92),
(285, 1, 93),
(286, 10, 93),
(287, 2, 93),
(288, 8, 93),
(289, 10, 94),
(290, 4, 94),
(291, 3, 94),
(292, 4, 94),
(293, 5, 94),
(294, 4, 95),
(295, 11, 95),
(296, 2, 95),
(297, 9, 95),
(298, 9, 96),
(299, 5, 96),
(300, 11, 96),
(301, 1, 96),
(302, 5, 97),
(303, 1, 98),
(304, 7, 98),
(305, 9, 98),
(306, 4, 99),
(307, 6, 99),
(308, 2, 99),
(309, 1, 100),
(310, 11, 100),
(311, 7, 101);


INSERT INTO `books` (`id`, `title`, `description`, `quantity`) VALUES
(1, 'book-Title', 'book-Description', 3),
(2, 'book-0001-Title', 'book-0001-Description', 4),
(3, 'book-0002-Title', 'book-0002-Description', 12),
(4, 'book-0003-Title', 'book-0003-Description', 11),
(5, 'book-0004-Title', 'book-0004-Description', 20),
(6, 'book-0005-Title', 'book-0005-Description', 20),
(7, 'book-0006-Title', 'book-0006-Description', 5),
(8, 'book-0007-Title', 'book-0007-Description', 4),
(9, 'book-0008-Title', 'book-0008-Description', 7),
(10, 'book-0009-Title', 'book-0009-Description', 6),
(11, 'book-0010-Title', 'book-0010-Description', 9),
(12, 'book-0011-Title', 'book-0011-Description', 13),
(13, 'book-0012-Title', 'book-0012-Description', 5),
(14, 'book-0013-Title', 'book-0013-Description', 9),
(15, 'book-0014-Title', 'book-0014-Description', 4),
(16, 'book-0015-Title', 'book-0015-Description', 11),
(17, 'book-0016-Title', 'book-0016-Description', 18),
(18, 'book-0017-Title', 'book-0017-Description', 2),
(19, 'book-0018-Title', 'book-0018-Description', 2),
(20, 'book-0019-Title', 'book-0019-Description', 1),
(21, 'book-0020-Title', 'book-0020-Description', 8),
(22, 'book-0021-Title', 'book-0021-Description', 19),
(23, 'book-0022-Title', 'book-0022-Description', 17),
(24, 'book-0023-Title', 'book-0023-Description', 1),
(25, 'book-0024-Title', 'book-0024-Description', 18),
(26, 'book-0025-Title', 'book-0025-Description', 12),
(27, 'book-0026-Title', 'book-0026-Description', 14),
(28, 'book-0027-Title', 'book-0027-Description', 15),
(29, 'book-0028-Title', 'book-0028-Description', 5),
(30, 'book-0029-Title', 'book-0029-Description', 10),
(31, 'book-0030-Title', 'book-0030-Description', 7),
(32, 'book-0031-Title', 'book-0031-Description', 14),
(33, 'book-0032-Title', 'book-0032-Description', 13),
(34, 'book-0033-Title', 'book-0033-Description', 14),
(35, 'book-0034-Title', 'book-0034-Description', 4),
(36, 'book-0035-Title', 'book-0035-Description', 4),
(37, 'book-0036-Title', 'book-0036-Description', 12),
(38, 'book-0037-Title', 'book-0037-Description', 9),
(39, 'book-0038-Title', 'book-0038-Description', 4),
(40, 'book-0039-Title', 'book-0039-Description', 13),
(41, 'book-0040-Title', 'book-0040-Description', 8),
(42, 'book-0041-Title', 'book-0041-Description', 17),
(43, 'book-0042-Title', 'book-0042-Description', 1),
(44, 'book-0043-Title', 'book-0043-Description', 14),
(45, 'book-0044-Title', 'book-0044-Description', 2),
(46, 'book-0045-Title', 'book-0045-Description', 1),
(47, 'book-0046-Title', 'book-0046-Description', 13),
(48, 'book-0047-Title', 'book-0047-Description', 19),
(49, 'book-0048-Title', 'book-0048-Description', 9),
(50, 'book-0049-Title', 'book-0049-Description', 1),
(51, 'book-0050-Title', 'book-0050-Description', 5),
(52, 'book-0051-Title', 'book-0051-Description', 19),
(53, 'book-0052-Title', 'book-0052-Description', 18),
(54, 'book-0053-Title', 'book-0053-Description', 9),
(55, 'book-0054-Title', 'book-0054-Description', 6),
(56, 'book-0055-Title', 'book-0055-Description', 1),
(57, 'book-0056-Title', 'book-0056-Description', 19),
(58, 'book-0057-Title', 'book-0057-Description', 2),
(59, 'book-0058-Title', 'book-0058-Description', 16),
(60, 'book-0059-Title', 'book-0059-Description', 20),
(61, 'book-0060-Title', 'book-0060-Description', 9),
(62, 'book-0061-Title', 'book-0061-Description', 6),
(63, 'book-0062-Title', 'book-0062-Description', 17),
(64, 'book-0063-Title', 'book-0063-Description', 17),
(65, 'book-0064-Title', 'book-0064-Description', 19),
(66, 'book-0065-Title', 'book-0065-Description', 1),
(67, 'book-0066-Title', 'book-0066-Description', 19),
(68, 'book-0067-Title', 'book-0067-Description', 3),
(69, 'book-0068-Title', 'book-0068-Description', 11),
(70, 'book-0069-Title', 'book-0069-Description', 14),
(71, 'book-0070-Title', 'book-0070-Description', 2),
(72, 'book-0071-Title', 'book-0071-Description', 16),
(73, 'book-0072-Title', 'book-0072-Description', 6),
(74, 'book-0073-Title', 'book-0073-Description', 4),
(75, 'book-0074-Title', 'book-0074-Description', 11),
(76, 'book-0075-Title', 'book-0075-Description', 2),
(77, 'book-0076-Title', 'book-0076-Description', 8),
(78, 'book-0077-Title', 'book-0077-Description', 16),
(79, 'book-0078-Title', 'book-0078-Description', 16),
(80, 'book-0079-Title', 'book-0079-Description', 10),
(81, 'book-0080-Title', 'book-0080-Description', 6),
(82, 'book-0081-Title', 'book-0081-Description', 2),
(83, 'book-0082-Title', 'book-0082-Description', 20),
(84, 'book-0083-Title', 'book-0083-Description', 20),
(85, 'book-0084-Title', 'book-0084-Description', 4),
(86, 'book-0085-Title', 'book-0085-Description', 9),
(87, 'book-0086-Title', 'book-0086-Description', 18),
(88, 'book-0087-Title', 'book-0087-Description', 1),
(89, 'book-0088-Title', 'book-0088-Description', 13),
(90, 'book-0089-Title', 'book-0089-Description', 20),
(91, 'book-0090-Title', 'book-0090-Description', 5),
(92, 'book-0091-Title', 'book-0091-Description', 17),
(93, 'book-0092-Title', 'book-0092-Description', 12),
(94, 'book-0093-Title', 'book-0093-Description', 8),
(95, 'book-0094-Title', 'book-0094-Description', 9),
(96, 'book-0095-Title', 'book-0095-Description', 7),
(97, 'book-0096-Title', 'book-0096-Description', 16),
(98, 'book-0097-Title', 'book-0097-Description', 18),
(99, 'book-0098-Title', 'book-0098-Description', 12),
(100, 'book-0099-Title', 'book-0099-Description', 4),
(101, 'book-0100-Title', 'book-0100-Description', 1);


INSERT INTO `users` (`id`, `username`, `password`, `email`, `salt`, `roles`, `first_name`, `last_name`, `active`) VALUES
(1, 'admin', '$2y$13$0KL6lAC3ckgaR8FN1pVGfu1ck5I7btxuLfYNft.GmKj2ayO/VPfyS', 'admin@example.com', '8e8030d0e5cf1eebd30e9ba2', '[\"ROLE_ADMIN\"]', 'adminFirstName', 'adminLastName', 1),
(2, 'admin-0001', '$2y$13$oxbp5VsI3YtHR.ShMRyMMOn8Q1x5eoX2PAXaFmpX8PMaqs1cQaqPO', 'admin-0001@example.com', '3ea92ff2e3c23d330f300998', '[\"ROLE_ADMIN\"]', 'admin-0001FirstName', 'admin-0001LastName', 1),
(3, 'admin-0002', '$2y$13$Ff/ETskVSFUei1.DChCeUeUrN1EmLGIP12/dR8Feg/wtnGapOp.f.', 'admin-0002@example.com', '6493851e6640e6922ab3a53e', '[\"ROLE_ADMIN\"]', 'admin-0002FirstName', 'admin-0002LastName', 1),
(4, 'lib', '$2y$13$GlplDSPAUfBdpH8c3MTrcOdGmlBJQH9uBwia2ECB3IxhQsGF99Mr.', 'lib@example.com', 'f4249e68b426195b135e49a9', '[\"ROLE_LIBRARIAN\"]', 'libFirstName', 'libLastName', 1),
(5, 'lib-0001', '$2y$13$rajHkkGJcqGxZ0B.RtOIv.g3YFjuY3iMxOQg57Z8Do4mveXZdMnNy', 'lib-0001@example.com', '1a863f8068d98aa33a6b0748', '[\"ROLE_LIBRARIAN\"]', 'lib-0001FirstName', 'lib-0001LastName', 1),
(6, 'lib-0002', '$2y$13$nomvH8vcVANOQ/mrL49zfuMSP3TaXr/fumzhmzMhaeHE8u.KTDnpq', 'lib-0002@example.com', '3c5adcddaa3e56291f42314a', '[\"ROLE_LIBRARIAN\"]', 'lib-0002FirstName', 'lib-0002LastName', 1),
(7, 'lib-0003', '$2y$13$BPoWSnIlpzhbEOVxxkLefeEn6OTGjaceyFzIbXj9vhL0J4WKSUUJC', 'lib-0003@example.com', '355a01ee6923d4cc7c815404', '[\"ROLE_LIBRARIAN\"]', 'lib-0003FirstName', 'lib-0003LastName', 1),
(8, 'lib-0004', '$2y$13$6gBg2.1VXi5A8pHquQ7uee1QgOuFtXv4jhBujK52rEoDxYHLA.dAq', 'lib-0004@example.com', '8d56afd2a61ce3653110f59c', '[\"ROLE_LIBRARIAN\"]', 'lib-0004FirstName', 'lib-0004LastName', 1),
(9, 'lib-0005', '$2y$13$joEp0/S.CMM6pAnYOHKnVOIlBj2CkhMB6BjUX8DfqHXxBioyzJ9Om', 'lib-0005@example.com', '3f7cb201af32d1184e4d8da3', '[\"ROLE_LIBRARIAN\"]', 'lib-0005FirstName', 'lib-0005LastName', 1),
(10, 'reader', '$2y$13$4Ssq1puAF3WUK7.3TORzYe7OEJn.H/OvF0Cc4ObbCDzLrkBrdkt5S', 'reader@example.com', 'd3996199f7b9d986b02e83a1', '[\"ROLE_READER\"]', 'readerFirstName', 'readerLastName', 1),
(11, 'reader-0001', '$2y$13$2fRXB7MTihSmTOTeRRPtsuofDjfsskgo9qUbyo8WX7Oou45EuSBDW', 'reader-0001@example.com', 'fd944d8159bca637063c68bd', '[\"ROLE_READER\"]', 'reader-0001FirstName', 'reader-0001LastName', 1),
(12, 'reader-0002', '$2y$13$R3Mc58CosUtC2MUsWtzai.uWHxdTxK/YAPCtBz8eXzYkLA7BXUp0y', 'reader-0002@example.com', 'dc3ba5615e9f01898806126a', '[\"ROLE_READER\"]', 'reader-0002FirstName', 'reader-0002LastName', 1),
(13, 'reader-0003', '$2y$13$0MtOafOAqP10djxYz/H/wepSaIVoRRfslF973ei0O69h4u7L/NEKm', 'reader-0003@example.com', '313a86be163fdabad4713dfa', '[\"ROLE_READER\"]', 'reader-0003FirstName', 'reader-0003LastName', 1),
(14, 'reader-0004', '$2y$13$Ux03cUI5cGl9EZm2nlZpH.56MpKVYx/A0PyEsLTeSZ8/36Q/kRcfq', 'reader-0004@example.com', 'eacdb21b951db8303fff7298', '[\"ROLE_READER\"]', 'reader-0004FirstName', 'reader-0004LastName', 1),
(15, 'reader-0005', '$2y$13$KiQy.ZqCn.mvev5yXDVzB.ZGeKf95GhHQVcbT4mor0n5bFdaBJDEG', 'reader-0005@example.com', '7de0874f0d2bd52d3675bdf2', '[\"ROLE_READER\"]', 'reader-0005FirstName', 'reader-0005LastName', 1),
(16, 'reader-0006', '$2y$13$gXOYEKAP4AE4tF84Wqkh3eYFiERaabZzneSCI97xyMEWtQUZ7EKjW', 'reader-0006@example.com', 'ae7c92880bb0211d5c8eb002', '[\"ROLE_READER\"]', 'reader-0006FirstName', 'reader-0006LastName', 1),
(17, 'reader-0007', '$2y$13$A55zeCfweXAa3SnplTzgBOxag2KyNsJFbvRt/ssGZn4KFgJxaadB2', 'reader-0007@example.com', 'a00ef70412b1aa5b62a29874', '[\"ROLE_READER\"]', 'reader-0007FirstName', 'reader-0007LastName', 1),
(18, 'reader-0008', '$2y$13$pBLUzE0Hw6vt6Sy7Onfyaev4r6hiLNPkFENYpfBKNh6266U3Qe6nW', 'reader-0008@example.com', 'e5d70bc53aa3183a1c68e097', '[\"ROLE_READER\"]', 'reader-0008FirstName', 'reader-0008LastName', 1),
(19, 'reader-0009', '$2y$13$RVys.TEb26A2kG/nw46rAeowwEYM46YfNEAQ7YWyhxJLQ2RpVjTl6', 'reader-0009@example.com', 'aabecad436ac1401c9f08dd4', '[\"ROLE_READER\"]', 'reader-0009FirstName', 'reader-0009LastName', 1),
(20, 'reader-0010', '$2y$13$AO8W8H3tVRaUcmwz3XNDKuWoY/hgllWvFLq9YViFBq7QzJjYsZfGW', 'reader-0010@example.com', 'ebf24f796556f8954b1dadb7', '[\"ROLE_READER\"]', 'reader-0010FirstName', 'reader-0010LastName', 1);


ALTER TABLE `authors_books`
    ADD CONSTRAINT `fk_authors_books_book_id`   FOREIGN KEY (`book_id`)   REFERENCES `books`   (`id`) ON DELETE CASCADE,
    ADD CONSTRAINT `fk_authors_books_author_id` FOREIGN KEY (`author_id`) REFERENCES `authors` (`id`) ON DELETE CASCADE;


ALTER TABLE `orders`
    ADD CONSTRAINT `fk_orders_book_id` FOREIGN KEY (`book_id`) REFERENCES `books` (`id`),
    ADD CONSTRAINT `fk_orders_user_id` FOREIGN KEY (`user_id`) REFERENCES `users` (`id`);


ALTER TABLE `reading`
    ADD CONSTRAINT `fk_reading_book_id` FOREIGN KEY (`book_id`) REFERENCES `books` (`id`) ON DELETE CASCADE,
    ADD CONSTRAINT `fk_reading_user_id` FOREIGN KEY (`user_id`) REFERENCES `users` (`id`) ON DELETE CASCADE;
